1.5830224, 42.5362652, "MULTIMOTO", "+3760376833112 www.multimoto.ad"
13.0267806, 47.7887111, "ZWEIRAD HAUTHALER GMBH", "+43662830404 www.2rad-hauthaler.at"
12.857901, 47.417962300000013, "AUTO + MOTORRAD HOLZMEISTER GmbH & COKG", "+43658273891 www.autobike.eu"
12.7721766, 46.832176700000012, "ZWEIRAD ORTNER", "+43485262077 www.zweiradortner.at"
14.2980806, 46.604811299999987, "KROPFITSCH GMBH", "+4346322344 www.kropfitsch.at"
15.5012874, 46.9942328, "Autohaus Prugger", "+43313546504"
15.5028953, 46.9940553, "BAUMSCHLAGER ZWEIRAD", "+43313547416 www.baumschlager.at"
15.4120891, 47.0511474, "Euro Motors Graz", "+43316263106 www.euromotors.cc"
16.3489419, 48.6700647, "HORST KAUDELA", "+4325267263 www.kaudela.at"
15.6514268, 48.215429099999987, "KTM ST. POLTEN", "+43274274454 www.ktm-stpoelten.at"
13.9851768, 48.150804099999988, "KTM BRAUMANDL GMBH", "+43724246201 www.braumandl.com"
15.4975779, 47.4674242, "PETER REITBAUER", "+4338658285 www.zweiradreitbauer.at"
13.608025, 47.7191731, "DAS ZWEIRAD UNTERBERGER", "+43613225547 www.2rad.cc"
14.3169549, 48.3291395, "KTM Braumandl Linz", "+43732757100 www.braumandl.com"
16.0931036, 47.0368461, "ZaWo tec GmbH", ""
16.3884247, 48.276056, "IL MOTO Ges.m.b.H.", "+431272500020 www.ilmoto.at"
14.3653441, 47.525601400000014, "ZWEIRAD LENZ", "+4336142839 www.2radlenz.at"
14.1109648, 47.9157309, "Sperrer Motorsports GmbH", "+43758251115"
13.9052265, 46.622050599999987, "Motec Leber e.U.", "+43+43425224466 www.motec-villach.at"
15.105922, 48.159528599999987, "Autohaus & ZweiradCenter Eckl", "+43741252000 www.eckl.com"
16.3259652, 48.1328937, "KTM Wien GmbH", "+4318901290 www.ktm-wien.com"
15.0647204, 48.7857597, "RS SCHALKO GMBH", "+43285376940 www.rsschalko.at"
14.4249739, 47.0803709, "Bernhard Walzer GmbH", "+43358440527 www.walzer.cc"
11.8118453, 47.4047218, "MX KTM KINI Gmbh", "+43524499870"
12.9653523, 48.1802664, "Zweirad Wimmer Gmbh", "+4377287004 www.ktm-wimmer.at"
16.03134, 47.71309, "MOTOTHEK", "+43263567333 www.motothek.at"
10.5777445, 47.1468338, "MotoCityWest", "+43544263861 www.motocitywest.at/"
13.5092118, 46.7893033, "Obereder & Weiss GmbH & Co KG", "+43476242157 www.roedlbach.at"
11.8118453, 47.4047218, "MX KTM KINI GmbH", "+4367688886660"
14.4271114, 48.0726784, "MOTORRADPROFI", "+43725245631 www.motorradprofi.at"
15.2566035, 46.9280743, "KFZ KNOPPER", "+43346381167 www.knopper-kfz.at"
13.9851768, 48.150804099999988, "KTM BRAUMANDL GMBH", "+43724246201 www.braumandl.com"
13.9052265, 46.622050599999987, "Motec GmbH", "+43425224466"
16.1882734, 47.9306561, "JOHANN SCHRUF", "+43225682762 www.schruf.at"
9.7344496, 47.4962268, "MOTOBIKE HANDELS GMBH", "+43557458620 www.motobike.co.at"
9.7768582999999989, 47.197355900000012, "MOTORRAD CENTER OBERLAND", "+4355505050 www.motorradcenter.at"
16.3878191, 48.2174094, "2RADBORSE CENTER KCO HANDELS ", "+43121485950 www.2rad-boerse.at"
13.4457757, 48.4299413, "ZWEIRAD ZAUNER", "+4377124541 www.zweirad-zauner.at"
16.2871772, 47.4952553, "MOTORSPORT KNOBL", "+4326462075 www.motorsport-knoebl.at"
16.3070577, 48.0740499, "Gruenzweig Automobil GmbH", ""
27.623758, 53.946208, "OOO Motomoto", "+375375296633500"
4.8505454, 50.4704595, "JDC Moto", "+3281730917 www.jdcmoto.be"
4.6590134999999986, 50.7372652, "Ride & Race", "+3210888193 www.ride-and-race.be"
5.8126341, 50.5306981, "Hot Motorbike", "+3287341970 www.hotmotorbike.be"
5.3443738, 50.992297699999988, "Motorhuis Erckens", "+3211813390 www.erckens.be"
4.3883196999999994, 50.2691836, "Techno Bike", "+3271613861 www.techno-bike.be"
6.0960008, 50.4154859, "CornelisMasson", " www.cornelismasson.be"
5.4929188999999994, 50.8610155, "Dam Racing", "+3289751632 www.dam-racing.be"
4.4940327, 51.0152345, "Active Pits NV", "+3215421138 www.activepits.be"
4.9340964, 50.9315685, "Motocare", "+3216353921 www.motocare.be"
4.4768857, 51.2366559, "Racing Center", "+3233243980 www.racingcenter.be"
5.3747757, 50.024693199999987, "Pecheur Motos", "+3261612541 www.pecheurmoto.be"
3.8250446, 51.1971628, "MOTORSPORT VERBURGH BVBA", "+3293456708 www.motorsportverburgh.be"
4.9701664, 51.247557099999987, "Action Racing", "+3214851227 jan.actionracing@gmail.com"
4.1349627999999994, 51.0330254, "DD Bikes", "+3252221331 www.ddbikes.eu/"
4.2181423, 50.9632087, "Geeco Bikes", "+32475247416 www.geecobikes.be"
3.2215207, 51.1007893, "Moto's Hautekiet", "+3250278323 www.hautekiet.be"
4.5121904, 50.6229229, "Warrant Motos", "+3267791412 www.warrantmotos.be"
4.2063016, 50.4093294, "Fiorentino", "+3264331779 www.fiorentino.be"
3.442635, 50.876511000000008, "Desmet Motorshop", "+3256604505 www.motorshop-desmet.be"
4.3266252, 50.8718509, "The Good Bike", "+3224262486 www.thegoodbike.com"
23.2987798, 42.6311655, "MOTOCENTER", "+35928168080 www.edimotocenter.com"
23.2987798, 42.6311655, "Sofcompany ood.", "+35928168080 www.motomoto.by"
24.3378695, 42.1867188, "Moto Group Ltd.", "+359899116989 www.ktm.bg"
25.6398552, 42.4284809, "Enduro Ltd", "+359888702510"
15.8952045, 43.7350196, "Moto Bean", "+38522351940 www.moto-bean.com"
17.0215239, 43.2937769, "Afrika Moto", "+38521610016 www.afrikamoto.com"
13.8495788, 44.8666232, "Schira Moto", "+38552383308"
15.9003213, 45.7900154, "Viktor Motosport", "+38513881989 www.viktormotosport.hr"
16.3473967, 46.3146579, "Moto Spica", "+38538542230248 www.moto-spica.hr"
14.4226388, 45.3395151, "Moto Centar Sandi", "+38551671305 sandi-moto.hr"
14.9234683, 50.4308371, "Flash team", "+420326334827 www.flash-team.cz"
12.999384, 49.741696999999988, "BDM racing, s.r.o.", "+420737236237 www.ktm-racing.cz"
14.4275456, 50.0321902, "Race Tool s.r.o.", "+4200225110936 www.racetool.cz"
15.086679, 50.741061599999988, "Univok s.r.o.", "+4200777682227"
16.4665978, 49.755906, "AMD Svitavy s.r.o.", "+4200461532256 www.amd-svitavy.cz"
14.5999013, 50.0293408, "Shiva motoshop", "+4200267712041 www.shivamotoshop.cz"
15.8544637, 50.1812987, "MARTIN TROJAN", "+4200495269492 www.ktm-trojan.cz"
14.9040902, 49.712307200000012, "Kmoto s.r.o.", "+4200317845164 www.ktmvlasim.cz"
14.4275456, 50.0321902, "Racetool", "+420225110936 www.racetool.cz"
16.6230453, 49.1876115, "KTM Autonova Brno", "+420734685657 www.ktm-autonova.cz"
13.3345271, 50.446103, "AUTOMARKET", "+4200474622929 www.autoterno-malkov.cz"
12.252156, 55.932648, "Nr Service AS", "+45041656641 www.nr-service.dk"
11.394921, 55.7123498, "Westside Racing", "+45059291301 www.w-rs.dk"
9.791257, 55.825444999999988, "Jensens Motorcykler A/S", "+45022827118"
10.446434, 55.429679, "MX Shop", "+45066108942 www.mx-shop.dk"
8.709987, 55.57151, "JN Cross", "+45075195355 www.jncross.dk"
12.6083026, 55.721462, "Breinholt & Co.", "+45088826888 www.breinholt.com/"
9.7657704, 56.591472, "Easy MX store ApS", "+45097149777"
12.4747988, 55.6717133, "AAGESEN MOTORCYKLER A/S", "+4536721872 www.aagesen.dk"
10.0733357, 56.2538378, "Villadsens MC", " www.ktmparts.dk"
24.6045514, 59.3159708, "Ekstreemmoto OU", "+37206040721 www.ktm.ee"
23.6691872, 61.517374399999987, "Motokeidas", "+358350207940403 www.motokeidas.com"
27.632114, 62.879324, "Kone & Vene Center Oy", "+358414623700"
28.3840897, 61.0649079, "T:mi Makomo/Aki Kuorttinen", "+358405388878"
29.7715864, 62.6148051, "Jokikone Oy", "+358103878100"
22.8825656, 62.8092783, "MotoSeinajoki Oy", "+358207939840 www.moto-seinajoki.fi"
22.7327415, 63.648356, "RE Motors Oy Ab", " https://remotors.fi/"
22.1598389, 60.479752499999989, "Motoracing Company Oy", "+3580358405100861"
24.7593943, 60.5107158, "Racingbike Sidecar Oy", "+35893741133 www.racingbike.fi"
25.8410574, 62.2395594, "Bike Forum", "+358207940700 www.bikeforum.net"
21.5336539, 61.1348049, "TSRacing & Service", "+358035828225585"
25.1072705, 60.4775542, "YkkosMP", "+35892797650 www.ykkos-mp.fi"
24.8896968, 60.296546, "Bike World Oy Vantaa", "+358207757300 www.bikeworld.fi"
25.450857, 64.9948849, "Oulu Adventure Oy", "+358445350446 www.ouluadventure.fi"
22.2460425, 60.4989796, "Bike World Oy Turku", "+358207757340 www.bikeworld.fi"
24.8814218, 60.2957697, "Lang & Aronen Racing Oy ", "+358505421743"
27.6274851, 62.8837838, "Kone & Vene Center Oy", "+358414623700"
25.7498484, 60.820919, "Motopalvelu Niemitalo Oy", "+35837772255 www.motopalvelu.com"
6.7314465, 43.4327953, "NIKITA BIKE", "+33494535289 www.nikitabike.izispot.com"
2.3317485, 49.3168186, "Garage Balandras", "+33344565090"
1.1810208, 49.3966426, "Moto Passion 76", "+33235791905 www.moto-passion.fr"
4.7706138, 45.807699799999988, "Bivouac 69 Sarl", "+33478688454 www.ktmlyon.fr"
6.0364841, 47.2303883, "Cap motos 25", "+33381250991 www.capmotos25.com"
6.1318611999999986, 48.6899639, "PASSION TT", "+33383989992 www.passiontt.fr"
-0.635502, 47.4741829, "CROSS ROADS", "+33241231577 www.cross-roads.fr"
3.940366899999999, 43.5905689, "KTM 34 / SARL DUKE", "+33467990847 www.ktm34.com"
4.4057121, 45.4157385, "assistance verte", "+33477802000 www.assistance-verte.com"
1.871452, 46.169599000000012, "CENTRAC GUERET", "+33555610645"
5.7144214999999994, 45.1622784, "Sarl Universal Ride", "+33476291764 www.ktm-grenoble.fr"
-2.7974545, 47.6623491, "Motos Diffusion", "+33297469191 www.morbihan-moto.com"
-1.530385, 49.2177999, "EURL KTDEV", "+33233191220"
4.7102293999999993, 49.753859299999988, "TOURTE ", "+33324332806 www.tourte-motos.fr"
3.1076095, 50.609843, "VITAMINE K", "+33328777710 www.villagemoto.fr/KTM/Magasin_KTM.htm"
6.2332917, 49.1074421, "KTM Metz", "+33387696930 www.ktm-metz.com"
3.0495736, 50.551697399999988, "Motoland Off Road", "+33320548808 www.motoland.eu"
-1.272484, 48.346379000000013, "AFRICAN MOTO / Pilet Marcel", "+33299989261 www.africanmoto.fr.st"
55.2273927, -21.0519704, "TOP MOTO", "+262262242578 www.topmoto.fr"
5.0489318, 44.0591677, "Espace 2 Roues Sarl", "+33490600225 www.espace2roues84.com"
1.3745332, 44.0333328, "K'Extreme", "+33563630000 www.k-extreme.com"
2.8948332, 42.6886591, "Pole Moto Passion Sas Perpignan", "+33468667665"
2.567583, 46.373619, "CENTRAC SARL", "+33470514028 centrac.chez-alice.fr"
-3.3521168, 47.7760456, "TT 56", "+33297760022"
3.0580671, 44.0886859, "PERFORMANCES SARL / HOBBY MOTO", "+33565604903"
-0.3420852, 49.2380289, "KTMARY", "+33231445255"
-0.52575339999999993, 45.918173, "MOTO 17", "+33546320466 www.moto-17.com"
2.194824, 48.993534, "Espace Acceleration", "+33130260880 www.espace-acceleration.com"
-4.4674325, 48.4196354, "KTM Brest", "+33298426464 www.brestmoto.com"
4.8183279, 43.9429892, "Provence Moto", "+33490850037 www.provence-moto-avignon.fr"
1.7808312, 48.8038124, "MEGA SERVICE", "+33134864926 https://www.megaserviceshop.com/index.html"
-2.7658505, 48.4892187, "RICHARD MOTO", "+33296616353 www.richard-moto.fr"
1.151361, 49.0270129, "SP Koncept Sarl", "+33232345660 www.sp-moto.fr"
2.4400585, 44.9154093, "Elite moto 15", "+33471480911 www.elitemoto15.com"
1.8921542, 47.9433005, "Orleans Nord Moto", "+33238433209 www.orleansnordmoto.com"
3.5834028, 47.8075493, "MOTO ONE 89", "+33386180870 www.moto-one-89.fr"
4.8002208999999993, 46.271861, "STARTER MOTOS", "+33385291862 www.startermotos.fr"
6.0911744, 44.5653124, "KTM Gap", "+33492534388 www.esprit-ktm.com"
3.284322, 45.415927, "CHANY MOTOS", "+33473540278"
2.631113, 48.5660164, "Pole Position 77", "+33164092746 www.poleposition77.com"
1.5130991, 45.1545993, "Holeshot", "+33555871320 www.holeshot-moto.com"
5.0217319, 47.2944503, "K21 Moto", "+33380543472 www.k21-moto.fr"
1.4521767, 48.446294599999987, "ADSL MOTOS SARL", "+33237325190 www.adslmotos.com"
-0.64881499999999992, 44.885793, "Baines Motos", "+33557930304 www.baines-motos.com"
7.2869279, 43.698586, "Californie Moto", "+33493566565 www.ktm06.com"
4.843863, 45.497374, "JLD Motos", "+33474315946 www.jldmotos.com"
0.73437679999999994, 47.3691063, "Sideways Sarl", "+33247271666"
4.4004182, 44.6141852, "Couleurs Moto Sarl", "+33475891676"
3.5154719, 50.3398648, "Factory K / Sarl Team Moto", "+33327271414 www.factory-k.fr"
2.3896819, 47.0767287, "Dias Motos", "+33248500883 www.motoconcess.fr/dias-motos"
1.182661, 49.021141, "SP Koncept Sarl", "+33232345660 www.sp-moto.fr"
-4.0859344, 48.0183858, "MOTOMAN SARL", "+33298643030 www.motoman-shop.fr"
-1.619405, 47.274344, "KTM NANTES", "+33240630808 www.ktm-nantes.com"
2.555131, 44.342526, "Elite Moto 12", "+33565684247"
2.321158, 49.900841, "MOTOLAND SA", "+33322712020 www.motoland.eu"
-1.514699, 43.481402, "WHEELING SHOP", "+33559553929 www.igoa-moto.fr"
-0.4071801, 43.303228999999988, "Bike Avenue SAS I2J", "+33559320136 www.bike-avenue.com"
3.8918044, 45.048378199999988, "TECHNO BIKE", "+33471042028 www.motoconcess.fr/technobike-43"
2.4661345, 48.8233263, "KTM Joinville", "+33148867160 www.ktm-joinville.com/"
1.4114885, 43.6280029, "JBS MOTO", "+33561483594 www.jbsmoto.fr"
1.8255913, 48.6246367, "SQUAL", "+33134840090 www.squal-ktm.com"
1.4326933, 44.4588586, "TYR'X MOTO", "+33565536184 www.tyrexmoto.com"
5.4788866999999994, 43.5929659, "Piboules Racing", "+33442546403 www.ktm13.com"
7.2320347999999992, 47.7467314, "Motos Kuttler SAS", "+33389819030 www.kuttler.fr"
4.8391899999999994, 46.736911, "Meras Motos Sarl", "+33385443336"
2.1396784, 48.8642584, "Furia Moto", "+33130081187"
5.5253812, 43.2853287, "STML Orlando SAS", "+33442824463"
-0.4235478, 46.337437, "Moto Pulsion", "+33549091529"
0.211076, 47.9610907, "SARL LMD MOTOS", "+33972394898"
5.268914800000001, 46.1952311, "Eurl Motoain", "+33474247362"
4.7706138, 45.807699799999988, "Bivouac 69 Sarl", "+33478688454 www.ktmlyon.fr"
4.3390526, 43.8149511, "MV30 SAS", "+33466298984 www.motoconcess.fr/moto-verte30"
2.241295, 43.606214, "MOTO TEAM 81", "+33563616657 www.mototeam81.com"
3.9704982, 49.927774199999988, "LANDOUZI MOTOS", "+33323974022 www.landouzimotos.com"
5.27212, 45.597108, "SERI'K Sarl", "+33474933289 www.pole-moto-bourgoin.fr"
0.6441101, 44.1749628, "ACCEL'R", "+33553480048 www.accel-r.com"
-0.4243882, 46.317011, "SPORT MOTO LOISIRS", "+33549242458 www.motoconcess.fr/sport-moto-loisirs"
2.3773168, 48.683008600000008, "JP Motos/Sarl Motom", "+33160484400 www.jpmotos.com"
0.357222, 48.490978, "Deux Roues Meloises", "+33233310958 www.2rouesmeloises.com"
-0.3834771, 43.3752328, "Road Racing Center", ""
1.8751376, 46.193308599999988, "CENTRAC GUERET", "+33555610645"
4.8797638, 44.8918775, "KTM Valence", "+33475602586"
6.0953263, 45.881852599999988, "KTM ANNECY Croibier Moto Center Sarl", "+33450331373 www.moto-pack.com"
1.630571, 50.7257419, "Planet`R", "+33321328784"
5.8436159, 43.1114729, "Compte Tours", "+33494744143 www.comptetoursmotos.com"
2.3778116, 48.8607032, "OFFROAD IMPORT", "+33147004524 www.motoconcess.fr/offroadimport"
8.7205877, 41.9393447, "ML MOTO", "+33495214207 www.ml-moto.com"
0.1819571, 45.7030471, "Quad 16 SARL", "+33545912791 www.quad16.com"
6.438231, 48.234108, "Trajectoire Automobile Sarl/Trajectoire", "+33329305434"
6.9130072999999994, 43.6477298, "Dirt Bike", "+33493360688 www.dirtbikegrasse.com"
3.1370758, 45.7494931, "PSR Motos Sarl", "+33473310864"
7.6874489, 48.5870642, "WOLFF MOTO PRODUCTS", "+33388101689 www.wolff-ktm.com"
1.6079166, 42.9722452, "LES CYCLOS FUXEENS SARL / LCF MOTOS", "+33561052998"
-1.7765737, 46.5124346, "Sarl Etablissements Le Roch", "+33251320446"
2.3311083, 43.2261718, "Pole Moto Passion Sas Carcassonne", "+33468107096"
4.0657106, 48.3211541, "MECA MX", "+33325800476"
-1.7288099, 48.1018442, "CHRONO SARL", "+33299301724"
0.235485, 47.944018, "SARL LMD MOTOS", "+33243610610"
6.1592899999999986, 50.80763, "Motorrad Stobe", "+49240595060 www.stoebe-motorraeder.de"
8.2545799999999989, 49.01088, "RomerTeam Motorradtechnik GmbH", "+4972733210 www.roemerteam.de"
10.30306, 47.68344, "Roland und Stefan Muller OHG", "+498315206666 www.ktm-mueller.de"
8.3492082, 49.7095069, "STEGARACING", "+4962429120100 www.stega-racing.de"
7.2418720000000008, 50.2067662, "Schmitt GmbH & Co.KG", "+4926722669 www.schmitt-motorradsport.de"
10.84885, 48.38477, "Motorrad Finkl e.K.", "+4982137272 www.motorrad-finkl.de"
8.98061, 48.35129, "Bike & Travel", "+4974719331990 www.ktm-zollernalb.de"
9.3791166999999991, 53.9246898, "MAS Motorrad & Autoservice GmbH", "+4948231211 www.mas-wilster.de"
9.65789, 51.65614, "Biker's Point Fuchs GmbH & Co. KG", "+495571912092 www.bikerspoint-fuchs.de"
12.8811157, 48.8032636, "ABMotorcycles.de Inh. Dipl. Ing. (FH) A. Brem", "+4999317028090 www.abmotorcycles.de"
7.4820858999999986, 51.3487306, "KTM Gerstmann KG", "+4923317874727 www.ktm-hagen.de"
13.086541, 53.3401051, "Motorradshop Kuhlow", "+493981441355 www.motorradshop-kuhlow.de"
8.79378, 51.7313, "Motorrad Huneke", "+49525155051 www.motorrad-huneke.de"
12.1595908, 52.3684677, "Greiner Motorrad", "+493933948785 www.greiner-motorrad.de"
12.1826212, 53.8010652, "Bikershop D. Triemer", "+493843681739 www.bikershop-triemer.de"
6.8721799999999993, 49.439989999999987, "Bodo Schmidt Motorsport GmbH", "+49688790100 www.bodo-schmidt.de"
13.64513, 51.67869, "Motorradsport Krahl und Kroschel GmbH", "+493532360484 www.ktm-shop24.de"
8.0449091, 53.592745099999988, "Methner + Reemtsma GbR", "+4944232734 www.ktm-wilhelmshaven.de"
11.6089752, 51.7969807, "MotorradTheiner", "+493926261511 www.KTM-Theiner.de"
8.66195, 53.0322, "Natuschke und Lange GbR", "+49422165070 www.natuschke-lange.de"
9.2243871999999989, 48.7848087, "KTM Stuttgart", "+4971190114035 www.ktm-stuttgart.com"
7.0015899, 50.9476287, "Motorradhaus StuteHengst GmbH", "+49221987940 www.stutehengst.de"
7.02012, 51.14776, "Wimmer Rennsporttechnik", "+492122643000 www.wimmer-rst.de/"
9.60496, 52.446929999999988, "BRC Motorrad GmbH / KTM Hannover", "+4951319994591 www.ktm-hannover.de"
8.6368279, 50.6267553, "Schleenbecker Moto", "+49641980343 www.schleenbecker-moto.de"
8.9987543, 47.8752275, "Auer Gruppe GmbH", "+497771914340 www.auer-gruppe.de"
11.5837034, 48.188170799999988, "KTM Munchen Nord", "+4989309053740 www.KTM-M.de"
11.490581, 48.0915338, "KTM Munchen", "+498975080116 www.ktmmuenchen.de"
10.7766219, 54.235582, "Bert von Zitzewitz Motorradhandel", "+49452891500 www.bvz.de"
12.9632698, 47.8520681, "Stadler Moto Service", "+4986549285 www.stadler-service.com"
11.5911373, 49.9357035, "PEPABIKE'S ", "+499215166471 www.ktm-Bayreuth.de"
11.083059, 50.9481066, "Zweirad Voss", "+49361413714 www.ktm-erfurt.de"
7.752281, 48.3552021, "Motorrad Rubin", "+4978244320 www.motorrad-rubin.de"
9.9826489, 53.1041204, "KTM Bispingen Zweiradsport Meine", "+495194974401 www.ktm-Bispingen.de"
8.6507256, 50.1894851, "H.M. Motorradhaus & Allroundvermietung GmbH", "+49695600930 www.hm-motorradhaus.de"
12.41788, 51.841742, "ZweiradDietrich", "+493490530782 www.zweirad-dietrich.de"
8.43883, 49.97628, "Pro Bike Motor GmbH", "+49614213174 www.pro-bike-motor.de"
9.99621, 49.797529999999988, "hmf Motorrader GmbH", "+499317841844 www.ktm-mainfranken.de"
6.86651, 51.54566, "KTM Team West", "+49208629560 www.ktmteamwest.de"
9.5695807999999989, 47.7769898, "MotoYama GmbH", "+497515579108 www.motoyama.de"
6.98366, 51.02844, "Zweirad Kostler GbR", "+4921441840 www.ktm-koestler.de"
11.5121906, 50.9602984, "BKS Motorradshop", "+493642550450 www.biker-scheune.de"
7.7791400000000008, 47.8541904, "Motorrad Pfefferle", "+497636286 www.motorrad-pfefferle.de"
11.6997577, 47.8810573, "Motortreff Balog", "+4980248071 www.mototreff-balog.de"
7.58883, 50.6226, "Zweirad Grass", "+4926841051 www.zweirad-grass.de"
6.59887, 51.126, "theis/mundt Kraftfahrzeug GmbH", "+4921823575 www.theis-mundt.de"
12.72641, 50.6156, "KTM Bernhardt", "+49377135120 www.KTM-bernhardt.de"
8.683333, 50.849999999999987, "Schneider Cycles", "+496423964499 www.schneidercycles.de "
12.3942375, 51.3178706, "KTM Leipzig", "+493419625593 www.leipzig-ktm.de"
10.5106175, 52.3125132, "MMLBikes", "+4953131028833 www.mml-bikes.de"
8.4999284, 49.4960485, "Motorland Motorrad GmbH", "+496214960640 www.motorland-zweirad.de"
13.26216, 52.77377, "MotorradTechnik Alvermann&Appelt GbR", "+4933015759939 ktm.motorrad-mta.de"
10.0222305, 53.5488937, "Bergmann & Sohne GmbH", "+494028005730 www.bergmann-soehne.de"
7.2926853, 52.3926684, "Hertrampf Racing GmbH", "+4959032589140 www.ktm-tuning.de/"
12.6680225, 49.2026192, "Motorrad Dirnberger GmbH & Co. KG", "+49997132211 www.ktm-cham.de"
11.4781024, 49.2942273, "KTM Motoroox", "+4991816984747 www.motoroox.de"
9.6070576, 48.7221482, "Motorcorner GmbH", "+497161914160 www.motorcorner.de"
10.9655604, 50.2689251, "Zweirad Ehrlicher", "+49956163788 www.zweirad-ehrlicher.de"
12.47749, 51.381519999999988, "BIKES + BIKES", "+49342983740 www.bikes-bikes.de"
12.1929014, 48.9774105, "KTM Regensburg GmbH", "+499401880770 www.ktm-regensburg.de"
7.4555186, 51.5374218, "Motorradsport Hilbk GmbH", "+492313954416 www.ktm-Dortmund.com"
9.8512311999999991, 48.1533402, "Manfred Unseld", "+49735691112 www.motorrad-unseld.de"
9.61082, 53.64784, "Motorrad Ruser", "+494129443 www.motorrad-ruser.de"
8.0337, 50.64229, "Sarholz GmbH", "+4926648844 www.ktm-sarholz.de"
11.1594687, 52.6254909, "Zweirad Jurgens", "+4939092251 www.zweirad-juergens.de"
14.16598, 51.19049, "Motorrad Service Scheibe", "+4935953230 www.ms-scheibe.de"
8.290379999999999, 50.086389999999987, "DORR BIKES", "+49611377076 www.doerrbikes.de"
9.1715879, 51.5718325, "Motorradhof Saken GbR", "+495644946484 www.motorradhof-saken.de"
6.6993132, 50.641000299999988, "Zweiradsport Schmitz", "+492256958975 www.zweiradsport-schmitz.de"
9.43616, 54.70534, "G. Wilhelmsen Motorradtechnik GmbH", "+49463090600 www.motorradtechnik.de"
10.88323, 48.25807, "Finkl's Erlebnis Motorrad GmbH", "+49823196760 www.motorrad-finkl.com"
12.1707324, 50.4265997, "Motorradcenter Kessler", "+493742124901 www.motorradkessler.de"
9.970551, 53.8157516, "ZweiradCenter Melahn GmbH", "+4941917226410 www.melahn.de"
10.0322668, 48.819550199999988, "Kosak Angela", "+4973655521 www.kosak-racing.de"
7.487169999999999, 51.84253, "KTM Beckfeld", "+4925976274 www.ktm-beckfeld.de"
12.01017, 51.41976, "KTM HALLE", "+493457805260 www.ktm-halle.com"
12.09064, 47.90005, "Griesser Motorsport", "+49803144507 www.KTM-griesser.de"
8.0018599999999989, 50.79011, "Zweirad Grisse, Inh. Jurgen Grisse", "+4927353223 www.zweirad-grisse.de"
8.6995290000000018, 52.1020316, "ORPNiewald", "+4957336340 www.orp-niewald.de"
8.06921, 52.19915, "Motorrad Bolte", "+495401881103 www.motorrad-bolte.de"
6.8138266, 51.2290401, "MPD Moto Pabst Dusseldorf GmbH", "+492117303050 www.ktm-duesseldorf.de"
7.8493100000000009, 52.42163, "MotorCenter Harenburg GmbH", "+4954652354 www.motor-center-harenburg.de"
10.23414, 50.80122, "Motorrad Bauerschmidt", "+493695870649 www.motorradbauerschmidt.de"
11.4818452, 48.7864008, "Enduro Bunker GmbH", "+4984199350800 www.endurobunker.de"
11.437019, 48.2643813, "Enduro Bunker GmbH", "+498131906370 www.endurobunker.de"
9.10769, 48.854119999999988, "MRS Mayer GmbH", "+497150919400 www.ktm-mayer.de"
7.9014583999999992, 51.5626028, "Schomaker GmbH & Co. KG", "+4929227074 www.ktm-werl.de"
14.7922284, 50.8956384, "Motorradhaus Goldhammer", "+493583511501 www.motorradhaus-goldhammer.de"
8.3740899999999989, 48.94036, "Marz Motorradhandel GmbH", "+49724359300 www.maerz.biz"
13.09226, 51.30428, "G&M FahrzeugTechnik OHG", "+493435928613 www.gm-bikes.de"
9.1907, 49.96291, "Motorrad Staab, Inh. Michael Staab", "+49602123120 www.motorrad-staab.de"
8.656516, 53.3587982, "HJM Motorradtuning", "+494746726630 www.hjm-motorradtuning.de"
8.5306192, 49.350178199999988, "Team KTM Musch", "+49620264426 www.ktm-musch.de"
13.5529687, 52.508325, "GSTBerlin GmbH", "+4930530005300 www.ktm-berlin.de"
9.3818744, 48.8735546, "Alskom Motocycle GmbH", "+4971959772027 www.alskom.eu"
6.14332, 51.68494, "Motorrad Lorper Inh. Martin Lorper", "+49282395011 www.motorrad-loerper.de"
13.06304, 50.74008, "ZweiradSturm", "+49372582519 www.ktm-sturm.de"
8.645787799999999, 49.8527506, "Rainer Nagel ZweiradSport", "+496151293648 www.ktm-darmstadt.de"
8.84333, 48.91155, "Zweirad Waibel GmbH&Co KG", "+49704146007 www.zweiradwaibel.de"
9.02209, 48.62878, "Fink GmbH", "+4970314920516 www.ktm-fink.de"
8.05754, 48.63787, "Otteni & Strauss GbR", "+4978411666 www.otteni-strauss.de"
11.60875, 52.16573, "Michael Grundemann KTM Magdeburg", "+493915628028 www.ktm-md.de"
10.99292, 49.44798, "Road Star Motorcycles GmbH", "+49911974787 www.roadstar-motorcycles.de"
10.3111, 49.0673, "JETI Xtreme Timo Rottinger", "+4998513119 www.JETI-X.de"
11.1317886, 47.8345052, "Kato GmbH", "+49881637592 www.ktm-weilheim.de"
13.101309, 51.9832299, "Motorradsport Gigla GbR", "+493372401537 www.ktm-gigla.de/"
9.22077, 48.51395, "Zweirad Wandel GmbH", "+49712145619 www.wandel-motorraeder.de"
7.4202, 50.985690000000012, "MotorradMolitor GmbH", "+4922633563 www.motorrad-molitor.de"
10.99763, 50.64807, "Parthen Powersports", "+493678382833 www.parthen-powersports.de"
9.861559999999999, 52.16107, "Brauer Motorradsport KG", "+49512147377 www.braeuer-motorradsport.de"
9.71453, 50.55184, "Firma Willi Moller", "+4966132004 www.moeller-fulda.com"
7.6648554, 51.9900245, "Motorradsport Hilbk", "+492512109392 www.motorradsporthilbk.de/"
12.84318, 47.95127, "Reiter Engineering GmbH & Co. KG", ""
12.0287172, 48.51883, "Motorrad Kiermaier", "+4987651282 www.motorrad-kiermaier.de"
12.78593, 51.05754, "Motorrad Feist", "+49373740930 www.motorrad-feist.de"
13.7826135, 51.0518084, "MRZ OHG / KTM Dresden", "+493513360016 www.ktm-dresden.de"
7.8874099999999991, 49.84902, "Stefan Kumpel", "+496718964494 www.sk-bikes.de"
14.07059, 52.37596, "Bahros Bike Bude GmbH", "+493361365190 www.ktm-fuerstenwalde.de"
6.27047, 51.31596, "MSLZweirad", "+492153911626 www.msl-ktm.de"
9.0293406999999988, 47.8404561, "Auer Gruppe GmbH", "+49777193050"
11.3455352, 50.114503700000007, "Autohaus Isert GmbH & Co KG", "+49+499261666413 https://www.autohaus-isert.de/"
10.51986, 52.16689, "MMW", "+4953315706 www.mmw-motorcycles.de"
8.79973, 47.76256, "Motocenter Hegau GmbH", "+497731955620 www.motocenter-hegau.de"
12.09064, 47.90005, "Sebastian Griesser", "+49803144507"
12.67042, 48.24309, "Team Berreiter", "+49867171515 www.berreiter.de"
11.50622, 53.55191, "KM Motorsport", "+49386155150 www.ktmschwerin.de"
10.7174464, 50.920476, "Motorradsport Jakobi", "+493621756100 www.ktm-gotha.de"
9.2360556, 48.0162253, "KTMRau", "+4975769629380 www.ktm-versand.de"
10.719709, 48.6070716, "Zweirad Hosl", "+498274343 www.ktm-hoesl.de"
10.3634837, 48.474972, "STeam GmbH", "+4982247417 www.s-team.eu/"
9.37121, 50.282709999999987, "MotorradDonnecker GbR", "+4960565363 www.motorrad-donnecker.de"
9.5397751, 51.3011217, "Hertrampf Racing Kassel GmbH", "+4956194914860 www.ktm-kassel.de"
28.2176379, 36.4340533, "BALNTINI VALENTINA", "+302241092100"
22.9657836, 40.6204013, "PROBIKE", "+302310868688 www.probike.gr"
22.4349003, 38.8959734, "KARELLIS LTD", "+302231023563"
23.7721998, 38.0363, "Hellinservice 002 Ntais T.", "+302102757158 www.hellinservice002.gr"
19.9223461, 39.6249838, "TSIOLIS P & Co E.E.", "+302661020133 www.bikersandbikes.gr"
22.28609, 39.6019106, "N.R.G. Moto Action", "+302410961641"
21.7521278, 38.2794669, "SARELLAS DIMITRIS", "+302610451052 www.sarellasmoto.gr"
21.7714119, 39.5541208, "SIOKIS", "+302431035045"
23.7175474, 37.9798733, "HELLINMOTO SA", "+302109248996 www.hellinmoto.gr"
22.9626021, 40.6171831, "MAKINA", "+302310553035 www.makina.gr"
24.0300933, 35.4999655, "Tzemanakis Filippos", "+302821094884"
23.6050695, 38.4645245, "MIMIKOS MOTOSHOP", "+302221060438 www.ktm.gr"
23.6860354, 38.0025928, "EMC OIKONOMOU N.", "+302105910568 www.ktm.gr"
23.755975, 37.930118, "FAN MOTORCYCLES", "+3002109955451 www.fanmoto.gr"
23.8078245, 38.0036377, "Hellinservice 001 KARIMALIS P.", "+302109215056 www.hellinmoto.gr"
24.413425, 40.9345047, "Moto Team Simeonidis", "+302510836375 www.moto-team.gr"
21.3739975, 40.0967748, "Amanatiadis Christos", "+302462022352"
21.6671903, 40.5101786, "MOTO PLAKETAS", "+302463053474"
22.9622854, 40.6215827, "DELTA MOTORCYCLES", "+302311824700"
24.8945907, 41.1325557, "DRAMON O.E.", "+302541084555 www.karanikolaou.gr"
23.8369179, 38.0119432, "PADDOCK 512", "+302106011555 www.paddock512.gr"
23.7342043, 37.9609932, "ELIO ORANGE POINT", "+302109026811"
26.1375792, 38.3595822, "CHIOS TECHNOMOTO", "+302271044168 www.hellinmoto.gr"
22.9394217, 40.6397164, "TSOLERIDIS STAVROS SIXDAYS ", "+302310253220 www.sixdays.gr"
24.9404242, 37.4418105, "IXODES", "+302281083620 www.ixodes.gr"
17.6242034, 46.767862400000013, "FullGas Kft", "+3685550560 www.ktm.fullgas.hu"
19.343957, 47.601375999999988, "Szekeres Motor Kft.", "+3628423498"
17.6044674, 47.685237699999988, "BellaKaloria Kft", "+36209445144 www.almamotor.hu"
18.912586, 47.442324, "Motorsport Zsembery Kft.", "+3623339026 www.ktmhun.hu"
19.2368577, 47.2974122, "Mcar Kft.", "+36703100822 www.ktm-ocsa.hu"
19.6545635, 46.8909674, "Bodis Motor Zrt.", "+36203882190 www.ktmkecskemet.hu"
-6.3505462, 53.3097444, "Redco", "+35314381900 www.m50retail.com"
-6.1543543, 52.8359531, "Vigors MX", "+353035340232843 www.vmxmoto.com/contentv3/"
9.0228168, 45.6245208, "GTO Motors Sr.", ""
11.138428, 43.474356, "Team D.F. S.N.C.", "+390577936264"
10.1125492, 45.5521784, "MOTOGAMMA S.r.l.", "+390302140800 www.motogamma.it"
9.1783699, 45.79324, "Corti Motorsport SRL", "+39031626685 www.cortimoto.it"
11.6198341, 45.0812841, "Vallerini Fabio", "+390425642105"
12.89565, 43.343267999999988, "Tavolini S.R.L.", "+390732250021 www.tavolini.it"
8.9516993, 45.6747798, "MECA MOTOR S.n.c. di Martinell", "+390331830397 www.mecamotor.it"
11.873317, 45.637758, "ZANIOLO MOTO", "+390499460694"
14.5685512, 40.7419432, "Mario Manzo Moto Srl", "+390815131620 www.ducatisalerno.com"
11.9748415, 43.260085, "RACESTORE", "+390575604839 www.racestore.it"
11.7748153, 42.1223414, "Celestini Moto 2.0 S.r.l. semplificata", "+39076624917"
10.3361387, 43.575036999999988, "ALO'S MOTORRAD di Ferraro Stefano", "+390586423520 www.alosgroup.com"
9.9341306, 44.099282, "X Rider Di Belloni Pierpaolo", "+390187917069 www.x-rider.it"
15.2391586, 40.6934775, "MOTO DI GUIDA", "+390828793392 www.motodiguida.it"
7.4224011, 45.7496076, "MOTOR AMERICA filiale di Paviotti Spa", "+390165765151 www.motoramerica.net"
8.01226, 43.87486, "De Bona Moto Snc", "+39018361274 www.motodebona.it"
11.35079, 45.60605, "HOBBY MOTOR", "+390445446145 www.hobbymotor.it"
11.9055945, 45.8150565, "BOTTERMOTO di Botter Renzo", "+390423952007 www.bottermoto.it"
8.8376340999999989, 45.822196899999987, "BIKE HOUSE ORANGE S.R.L.", "+3903321818100"
13.51247, 43.596820699999988, "CENTAURO DORICO", "+39712801527 www.centaurodorico.com"
12.0880752, 42.4435797, "VALIA S.R.L.", "+39761270154"
10.1825113, 45.431353, "AVANZI MOTO", "+39030620452"
16.0856438, 38.6711372, "COVEN BIKE", "+390963592726"
14.7981991, 40.6601724, "MOTO DI GUIDA", "+39+39089338596 www.motodiguida.it"
14.2493458, 42.4431405, "Mazzante Motor Shop", "+39085690702 www.mazzante.it"
15.5397026, 38.1956178, "HD Motor S.r.l.", "+39090713073 www.hdmotor.it"
7.7145750000000008, 45.178308, "Cavamotor s.r.l.", "+390119989704 www.cavamotor.it"
8.7426576, 45.675267299999987, "LOVATO'S BIKE", "+390331768370 www.lovatosbike.com"
12.2504546, 45.4799831, "VEMPA MOTO S.r.l.", "+390415315356"
10.9793051, 43.7205866, "Peragnoli Scar S.r.l.", ""
15.0965978, 37.5181751, "AMAR S.p.a.", "+390957229011"
9.6904866, 45.3524204, "Sissi S.R.L.", "+39037386920 www.sissiracing.com"
8.322932999999999, 40.572752, "Travaglini Motori SRL", "+390799739696"
12.8824127, 43.8884171, "CAFE' RACER", "+390721283606"
12.3908279, 43.1107168, "Mancinelli Motors S.R.L.", "+390755289987"
10.966444, 44.6307924, "Motor Race S.R.L.", "+39059285159 www.motoracemodena.it"
11.1032485, 43.8701484, "New Valentini Due S.R.L.", "+390574593817 www.valentinimoto.it"
9.1763867, 39.2419783, "Planet Motors S.R.L.", "+39070881179 www.planetmotors.it"
16.8354258, 41.10123, "Moto Service S.R.L.", "+390805052111 www.motoservice-foggia.it"
8.0844123, 45.5347608, "ACTIV MOTOR DI TRABUCCO MARIO E PAOLA SNC ", "+390152548813 www.activmotor.it"
11.1900902, 43.802969800000007, "Bianchi Moto Arezzo SRL", "+390553249060"
17.65012, 40.397709999999996, "Brunetti Motors SRL", "+390999738934 www.brunettimotors.com"
14.3336256, 41.3274024, "Pianeta Moto di Repol Srl", "+390823787170"
9.1755389999999988, 45.381749, "GIGLIOLI MOTORI di Giglioli Cl", "+390257790001 www.gigliolimotori.it"
12.90276, 41.472269999999988, "Moto Bodema S.R.L.", "+390773474346"
12.5995939, 41.8596911, "BI & TI", "+39062022041 www.bieti.it"
15.8415, 40.63977, "Eudi Motor Line di Eufemia Rocco", "+39097155348 www.eudimotorline.it"
7.95949, 45.03922, "BARBIERO Giuseppe", "+390119872495 www.ktm.barbiero@libero.it"
11.10637, 46.138230000000007, "NIKO MOTO S.r.l.", "+390461420150 www.nikomoto.com"
10.6655495, 44.6824807, "Cocconcelli Moto Srl Uninominale", "+390522550620 www.cocconcellimoto.it"
11.275085, 46.482093800000008, "MOTOSPORT Niedermayr Alois", "+390471975533 www.motosport.bz.it"
12.296633, 45.876225, "KCENTER ", "+39043861510"
13.879718, 42.943027, "SIMONELLI MOTO", "+39073586967 www.simonellimoto.it"
9.6596017, 45.0532146, "Automoto Torino S.r.l.", "+390523481995"
13.2816978, 46.0200208, "Due Ruote S.n.c. di Pinat F.&C.", "+390432671169"
10.805941, 45.548299, "CUBIMOTO", "+390456269093"
7.8937529999999994, 44.564235, "Cabutti Motor Srl", "+390172696027 www.cabuttimotor.it"
12.4410113, 41.9020714, "Milani E C.S.N.C.", "+390661661351 www.milaniktm.it"
11.730852, 44.345505, "Cesari S.R.L.", "+39+3954234480 www.buscarolimoto.it"
9.0344254000000017, 44.9970965, "SPEED MOTOR di Panigazzi Alber", "+390383642376 www.speedmotor.net"
9.32898, 44.366144, "3G Moto SAS", "+390185356386 www.3gmoto.it"
11.8523599, 45.37133, "ZANIOLO MOTO", "+390498808967"
15.3878642, 41.6888049, "Moto Service S.R.L.", "+39882224929 www.motoservice-foggia.it"
8.950755400000002, 44.4000743, "Biemme Moto S.n.c. di Cusano", "+390105702231 www.biemmemoto.it"
14.2845836, 40.8637012, "Mario Manzo Moto Srl", "+39+390815538251 www.ducatisalerno.com"
7.6092543000000008, 45.0080506, "KTORINO", "+390110628300 www.k-torino.it"
10.457991, 43.852002, "Ferrando Motor", "+390583329131"
16.2498806, 39.3103428, "OFFICINE BORBONICHE S.R.L.", "+390984394743"
11.84608, 43.473140000000008, "Bianchi Moto Arezzo SRL", "+390575981336"
13.3388514, 38.1396454, "AMAR S.p.a.", "+390957229011"
14.1375258, 42.3525704, "GOSTmoto", "+39871574368 www.gostmoto.com"
9.1894973999999987, 45.4908978, "P & D S.r.l.", "+390224412949 www.pedktm.it"
13.3471095, 41.6674815, "CIANFROCCA MOTO", "+390775409722"
11.1059424, 42.7795246, "4 TEMPI SPORT", "+390564462024 www.4tempi.com"
14.6890652, 36.9307272, "Hobby Motor Srl", "+390932257684 www.hobbymotorrg.it"
11.2503377, 44.4911206, "Collina Motori S.N.C.", "+390516167456 www.collinamotori.it"
8.8820259, 44.9114016, "Lunaschi Cesare", "+390131867176 www.lunaschimoto.it"
13.5312032, 37.4048591, "BUTTICE MOTO", "+390922471074"
10.17621, 46.21373, "PENSINI MOTO", "+390342703144 www.pensinimoto.com"
11.52834, 45.69262, "Team Cico Snc", "+390445884669 www.teamcico.it"
10.1171685, 44.0322959, "ALO'S MOTORRAD di Ferraro Stefano", "+39+390585830087 www.alosgroup.com"
8.6076943, 45.4439984, "BASSI MOTO", "+390321628383 www.bassimoto.it"
18.362231, 40.0138339, "Puce Racing Team S.N.C.", "+390836945382"
7.62784, 44.82018, "Motordon SRL", "+39011975641 www.donetto.com"
9.7128255, 45.6947651, "FARIOLI SRL", "+39035294249 www.ktmfarioli.it"
24.1807213, 56.9403273, "Kristers Sergis Moto", "+371067112256 www.sergis.lv"
25.2573783, 54.7033064, "Motoshop UAB", "+37052720243 www.ktm-moto.lt"
19.262892, 42.441286, "Tuttomoto D.O.O.", "+38267836837"
6.3999410999999986, 52.1521445, "WPM Motors", "+31573250621 www.wpmmotors.nl"
4.9413871999999994, 51.5442814, "DIPI Moto", "+31161744040 www.dipimoto.nl"
4.7937511, 52.391429400000007, "Motorcity Amsterdam ", "+31204808010 www.motorcity-amsterdam.nl"
5.2023345, 51.3598317, "R2R Store", "+31497384153"
5.8694273, 51.7298898, "J.T.X. Racing ", "+31485311750 www.jtxracing.nl"
5.1733544, 52.114200200000013, "RB Motoren ", "+31302211524 www.rbmotoren.nl"
4.2247084, 51.956334899999987, "Motocrossshop", "+31174523080 www.motocrossshop.nl"
4.7440687, 52.0700485, "Goedhart Motoren ", "+31172650005 www.goedhartmotoren.nl"
6.6484144, 52.092552299999987, "Motor Centrum Eibergen BV", "+31545477404 www.motorcentrumeibergen.nl"
3.817864699999999, 51.4818617, "Motor 2000", "+31113567200 www.motor2000.nl"
5.3413715, 51.3170479, "Van Gerven Motoren", "+31497555404"
5.8988783, 51.1154252, "Ben's Cross Shop", "+31475483114 www.bcsracing.nl"
6.0785301, 53.1268331, "Kobo Motoren ", "+31512542142 www.kobomotoren.nl"
6.1511093999999993, 51.3797724, "Motorcenter Venlo", "+31773872211 www.motorcentervenlo.nl"
5.9788825999999986, 52.237519199999987, "PREMIUM MOTORS", "+31553602034"
6.8886919, 53.0995545, "Mulders Motoren", "+31598614506 www.muldersmotoren.nl"
5.6199868, 52.3216299, "Andre Motors ", "+31341428484 www.andremotors.nl"
5.5085384, 52.1790445, "Brouwer Motors ", "+31342461338 www.brouwermotors.nl"
4.0757349, 51.874361, "Motoport Rockanje", "+31181402455"
5.6928258, 51.5545961, "JHMX Service", "+31492366553 www.jhmxservice.nl"
6.5770439, 51.9891489, "Paashuis Motoren", "+31544379181 www.paashuis.nl"
5.7593476, 51.941529300000013, "Garage Helfferich V.O.F.", " www.helfferich.nl"
4.7743909, 52.5038651, "Verpalen Motors", "+31756400922 www.verpalen.nl"
5.5167211, 51.7595031, "Vos Oss Motoren", "+31412667722 www.vos-oss.nl"
5.1441968, 52.6990109, "Niwa Motorservice", "+31228564000"
5.4222871, 51.430246399999987, "LEMMENS MOTORSPORT", "+31402535558 www.eddylemmensmotorsport.nl"
5.2655832, 51.751835799999988, "Hannamax Motorsport", "+31735995536 www.hannamax.nl"
23.3850381, 69.9663266, "SkiDoo sentret", "+47078457500 www.ski-doo.no"
5.3374174, 60.4671864, "Ride Bergen AS", "+4755199090 www.ride.no"
5.4833324999999986, 59.773095299999987, "Stord Speedshop A/S", "+47090092431 www.stordspeedshop.no"
10.4234318, 61.136959999999988, "Motorspeed AS", "+47061268000 www.motorspeed.no"
11.3685161, 59.554330799999988, "SpinninWheel", "+47069846300 www.spinnin-wheel.com"
7.9869782, 58.1680799, "Motorsyklisten AS", "+47038104000 www.motorsyklisten-krs.no"
11.1906444, 63.7043076, "XRider", "+47092409686 www.x-rider.no"
14.266667, 65.366666999999993, "Daleng Scooter&Service", "+47075184481 www.dalengscooter.no"
10.7821645, 59.930539499999988, "AMD Motorsykler", "+47022805740 www.amd.no"
6.0914196999999994, 62.298149, "MCDeler AS", "+47070048000 www.mc-deler.com"
9.606098, 59.2175709, "CBP AS", "+47035584141 www.cbp.no"
10.3341983, 59.8184553, "Star Motor", "+47067573727 www.starmotor.no"
7.1350336999999993, 62.8562228, "Hatle Motor", "+47071288800 www.hatlemotor.no"
19.062344, 49.796704, "AUNER", "+480338143520 www.auner.pl"
19.8935059, 50.071395500000008, "Sobieslaw Zasada SA", "+480606302100"
18.0643847, 53.1197574, "Best Bikes", "+48523489081 www.bestbike.pl"
19.077589, 50.276581, "Eurorider Spolka Cywilna", "+48322560095"
16.9656908, 52.3874056, "RAPID", "+480618720720 www.rapid-motocykle.pl"
17.1757936, 51.1757244, "Inter Motors Dolny Slask", "+48713152510 www.inter-motors.pl"
19.846501, 50.080951000000013, "KTM KRAKOW", "+48126232690 www.ktm.info"
20.5211121, 53.7876602, "KTMSKLEP WOJCIECHOWICZ", "+4848895264749 www.ktmsklep.pl"
20.9574332, 52.2398939, "KTM Warszawa", "+480228101216 www.ktm.warszawa.pl"
19.4189769, 51.740508, "PROFI", "+480426514498 www.stoll.com.pl/?cat=10 "
14.6920179, 53.3785689, "Moto 46 Sp z O.O.", "+480914828080 www.moto46.pl/ktm/"
22.4943869, 51.2548351, "Naprawa Motocykli Roznych", "+48817456171 www.ktm.lublin.pl/"
-9.1569250999999987, 38.7382564, "Lombas e Curvas", "+351217147648 www.lombasecurvas.com/"
-8.7810291, 38.055167700000013, "Celcru Motos", "+351269753019"
-28.6299812, 38.5348447, "Moto Horta", ""
-8.0182866, 39.2574859, "Alenmoto", "+351242207073 www.alenmoto.pt"
-9.1879387, 38.750070699999988, "Lismotor ", " www.lismotor.com"
-8.9547031, 38.6964251, "LFsport", " www.lfsport.com"
-7.2557571, 40.5429361, "Motobrioso", "+351275753736 www.motobrioso.com"
-7.7536948999999993, 41.2993286, "Ciclomotores Campea", "+351259327672 ccampea.com/lojacc/"
-8.2825671, 41.2160119, "Moto3Tempos", "+351255718520 www.moto3tempos.pt/"
-8.4744093, 40.5943172, "Racespec", "+351234669146 www.racespec.pt/"
-9.386095899999999, 38.741227400000007, "Caismotor", "+351214601855 www.caismotor.com"
-9.2987849, 38.7680374, "Migtec", "+351219133161 www.migtecmotos.com"
-7.5010772999999986, 40.137963, "Motobrioso", "+351275753736 www.motobrioso.com"
-8.5144352, 37.1380612, "Angelpilot", "+351282343086 www.angelpilot.com/angelpilot"
-8.6117271999999989, 41.1598632, "Norboxe", "+351224947143 www.norboxe.com"
-8.6321415, 39.9167748, "Jomotos", "+351236949550 www.jomotos.pt/ubermotos/"
-8.0143347, 37.1362146, "Moto FM", ""
-8.7516497, 41.917687099999988, "Mototerra", "+351251796299 www.mototerra.pt"
-16.916578, 32.659101, "MZbike", "+351291751721 mzbike.com/"
-7.8694888000000009, 38.0187903, "Motorxpro", " www.motorxpro.com/"
-8.6287977, 41.0950213, "KTUR", "+351227122924 www.ktur.pt"
-8.0143347, 37.1362146, "Moto FM", ""
-8.5083427, 41.6402172, "Fremoto", "+351253923926 fremoto.pt/"
-25.6557048, 37.7471679, "SRmoto", "+351296099222"
-8.9407808, 39.2974909, "Momento TT", "+351961595417 momentott.pt/"
-7.7509013999999992, 41.299477499999988, "Ciclomotores Campea", "+351259327672 ccampea.com/lojacc/"
-7.9169133, 40.6692494, "Rodicentro", "+351232451128 www.rodicentro.com/"
-8.807682999999999, 39.749533100000008, "Jomotos", "+351236949550 www.jomotos.pt/ubermotos/"
26.133333, 44.433466, "Teda Energy Development SRL", "+40733500873"
20.4680482, 44.7834604, "Promoto Centar", "+381038111069400"
18.3286984, 49.1256781, "MOTOSPORT racing", "+421905346125 www.ktm-racing.sk"
21.2364941, 48.7040955, "Adamoto", "+42155/7297087 www.adamoto.eu"
17.7313092, 48.170165, "HP moto s.r.o.", "+42131/7816288"
19.1401922, 48.7577753, "MOTOSHOP ZUBOR", "+421908880553 www.ktm.sk"
17.1511909, 48.179059400000007, "KTM Bratislava", "+421908471170"
18.6994844, 47.8136906, "O.K.R. motor s.r.o", "+421905420512 www.ktmokr.com"
15.6938208, 46.5326773, "MOTOEKSKLUZIV (WORKSHOP)", "+38641797740 www.motoekskluziv.si"
13.7386349, 45.5396546, "AXLE d.o.o.", "+38656632366 www.axle.si"
14.5704946, 45.9858437, "MOTOSERVIS MIHAEL JAMNIK (WORKSHOP)", "+386674218"
13.6694565, 45.5344675, "MOTOMAXX (WORKSHOP)", "+38656404253"
14.6623519, 45.9697782, "SELES MOTO doo", "+38617861200 www.seles.si"
-3.8806923, 43.430187599999996, "ZONA PADDOCK", "+34942101656 www.zonapaddock.com"
1.863691, 41.751243, "MAQUINA MANRESA BCN", "+34938770862 www.maquinamotors.com"
1.1103314, 41.1525634, "MOTO LIDER", "+34977300113 www.motolider.com"
-2.4755998, 41.7662743, "MOTOS VALERO", "+34975226685"
-3.6656354, 40.4339041, "PROCYCLE", "+34917251478 www.ktm-madrid.com"
-0.8669176, 41.678338, "DERMOTOR", "+34976394419 www.dermotor.com"
-1.7021937, 43.2473876, "TXARANDAKA", "+340948630589 www.txarandaka.com"
1.4298658, 38.912686, "KTM IBIZA", "+34971193482 www.hondaibiza.com"
2.6621357, 39.6003858, "DUES RODES", "+34971752040 www.duesrodes.com"
-2.4445519, 36.8881816, "MOTORINBOX", "+34950089815 www.motorinbox.com"
-3.7310135999999989, 40.4296762, "PROCYCLE", "+34915410071 www.ktm-madrid.com"
2.2209526, 41.5484734, "MAQUINA MOLLET BCN", "+34935706295 www.maquinamotors.com"
-4.0240843, 40.6603372, "ACM COMPETICION", "+34918572323 www.acmcompeticion.com"
-6.9191025, 37.2621414, "ODINTO BIKE", "+34959230867"
-3.6965638, 42.3510223, "MOTO RACING", "+34947238938 www.motoracingburgos.com"
-2.6679214, 42.8355934, "BERNA MOTO", "+34945139800 www.bernamoto.es"
-16.3269994, 28.4893059, "NIKO MOTOBIKE", "+34922255060 www.nikomotobike.com"
-1.84827, 38.99359, "MBA TEAMRACE ", "+34967611120"
-0.0375916, 41.2279993, "MOTO CASPE", "+34976633508"
-0.4090706, 39.4271044, "DUBON RACING", "+34961265437 www.dubonracing.com"
0.6308763, 41.6275228, "MOTOS PARCERISAS", "+34973242399 www.motosparcerisas.es"
-1.0233126, 37.6788016, "JADE MOTOR", "+34968310118 www.jademotor.com"
-3.36097, 39.01538, "MP RACING", "+34926644766 www.mpracing.es"
-2.9401665, 35.283499100000007, "BUNKER MOTOR", "+34952695574 www.bunkermotor.es"
-8.7326298, 42.2230707, "ANCA MOTOS", "+34986232601 www.anca.es"
-3.962071, 39.866986, "TOL MOTO", "+34925240000 www.tolmoto.com"
1.259562, 41.1159843, "ANDREU MOTOS", "+34977244192 www.andreumotos.com"
-2.4550278, 42.4623577, "MOTOS VIDAL", "+34941203801 www.motos-vidal.com"
-0.60557569999999994, 38.8178204, "ONTEMOTOS", "+34962386572 www.ontemotos.es"
-5.9570799999999986, 37.38973, "GREEN MOTOR", "+34954680350 www.greenmotor.net"
-4.4265425, 36.7248946, "MOTOS SIEBLA", "+34952285038 www.ktmsiebla.com"
-6.9793347, 38.8693046, "MOTO LUIS", "+34924241000 www.moto-luis.com"
-5.7777774, 43.3819169, "MOTORMANIA", "+340985792673 www.motormania.es"
-0.8658165000000001, 38.179521, "MOTOSPORT CARRERES", "+34966680090 www.mscarreres.com"
-1.9534483, 42.3086055, "MOTOS VICENTE", "+34941135819"
-4.8827995999999994, 36.5165906, "MOTOS A. ORTIZ", "+34952770490 www.motosortiz.com"
-5.6525542999999994, 40.9577499, "BIKE MOTOR'S CLINIC", "+34923187349 www.bikemotorsclinic.es"
-8.418744, 43.3578645, "90MOTOR", "+34981246222 www.90motor.com"
2.1356275, 41.3866924, "ITALO MOTOR", "+34934396049 www.italo-motor.com"
-5.7473367999999994, 41.5101902, "2 RUEDAS", "+34980531258"
-3.787988, 37.773394, "EXPOMOTO JAEN", "+34953220900 www.expomoto.net"
2.2698658, 41.5387178, "ROGER MARKETING", ""
-6.1124234, 36.6977763, "EL MOTORISTA JEREZ", "+34956358500 www.elmotorista.es"
-4.5135859, 42.0032162, "MOTOS J MONTES", "+34979727701 www.motosjmontes.es"
-3.5308488, 40.3461273, "SECOMOTO", "+34914990595 www.secomoto.com"
-3.1709755, 40.6386536, "CROSS AND ROAD", "+34949217359 www.crossandroad.com"
-6.1314927999999993, 39.3872098, "DIVERMOTO", "+34927279000 www.divermoto.es"
-5.3056785999999994, 35.8901723, "AUTOMOTO", "+34956518510"
-2.2916994, 43.1779913, "TALLER LEANDRO", "+340943853608"
-4.7219808, 41.6881527, "MOTOEXTREMO", "+34983334821 www.motoextremo.es"
2.8120795, 41.963865, "BASOLI", "+34972410604 www.basoli.com"
18.1241138, 59.2001576, "HojCenter", "+4687712230 www.hojcenter.se"
17.6578929, 59.175824899999988, "Mor Racing", "+46855019838 www.moracing.se"
14.5277048, 56.2254716, "Claessons Motor", "+4645623030 www.claessonsmotor.se"
16.1746046, 61.7174349, "Jarvso Motor AB", "+4665141243 www.jarvsomotor.se"
13.5349526, 59.3802975, "GMC", "+4654850555 www.gmckarlstad.se"
12.9995062, 55.7668044, "JE68 Motorcycles AB", "+4646712601 www.je68.se"
16.2113709, 58.992265, "Hojbutiken", "+4615033399 www.hojbutiken.se"
16.6265444, 59.916653800000013, "Karlstroms Motor", "+4622477166 www.karlstrommotor.se"
12.0478341, 57.614974299999993, "Cross&Endurokompaniet", "+46317953225 www.crossvaruhuset.se"
15.1895881, 59.2615672, "Marin & Fritid", "+4658412221 www.marinfritid.com"
16.3309728, 56.6655075, "Alternativ 1 Motorcyklar Kalmar", "+46480491180 www.alternativ1mc.se"
15.6898595, 58.399170100000013, "Beviks", "+46+46013362500 www.beviks.se"
22.0451993, 65.608427499999991, "Lindroths MC", "+46920225500 www.lindroths.se"
12.0083137, 57.7938991, "BikeTrollhattan AB", "+46313892800 www.bikegoteborg.se"
17.9216933, 59.4833934, "Din MC AB", "+4687549900 www.dinmc.se"
13.9615453, 58.513272400000012, "Mc Kompaniet", "+46500440100 www.mc-kompaniet.se"
13.005947, 57.7272603, "Bergmans Motor", "+4633230010 www.bergmansmotor.se"
15.8881916, 56.738453600000007, "Eliasson Racing AB", "+4648118580 www.eliassonracing.se"
17.1714234, 60.657468699999988, "Lingvalls Motor AB", "+4626517541 www.lingvalls.se"
15.1399315, 59.1507732, "Carlbarks Motor AB", "+4619570701 www.carlbarks.se"
12.3355082, 58.3788176, "Speed Equipment", "+4652161808 www.speedequipment.se"
17.678681, 59.8558367, "lelles MC", "+4618156000 www.lellesmc.se"
14.5905788, 59.322950299999988, "Ljunggrens Motor", "+46586728222 www.ljunggrensmotor.se"
20.3035684, 63.8625015, "NDMX, Norman Design & Motorsport AB", "+469031701 www.ndmx.se"
12.427845, 56.927485999999988, "Delta Racing", "+4634617838 www.deltamc.se"
15.8577795, 57.658780699999987, "Bloms Mx AB", "+4649215391 www.blomsmx.com"
14.0327161, 58.4176909, "Stombergs Racing", "+46734450989 www.stombergsracing.se"
16.938071, 59.4037362, "KW Service", "+4615220136 www.kwservice.se"
16.572277, 59.6374746, "Funbike", "+46421350026 www.funbike.se"
13.3396356, 56.4268166, "Nilsson's Motor", "+4643330070 www.nilssonsmotor,com"
12.2902867, 58.261167, "Bike i Trollhattan", "+46520488030 www.biketrollhattan.se"
8.6258860999999989, 47.0308717, "Moto Center Schwyz AG", "+41418118040 www.motocenterschwyz.ch"
8.5353592, 47.4535293, "Emil Weber Motos AG", "+41448607740 www.weber-motos.ch"
6.1314816, 46.2018891, "Basset Motos SA", "+41223291010 www.bassetmotos.ch"
8.6199982, 47.338375799999987, "Pfenninger Autos AG", "+41449184047"
7.7657965, 47.5003259, "KTM Basel AG", "+41618115000 www.ktmbasel.ch"
7.6596511, 47.3454133, "Meister MotorCycle", "+41623910510 www.meistermotorcycle.ch"
7.0771003, 46.6006475, "CycleShop Andrey", "+41269210660 www.andrey-cm.ch"
9.0864882, 47.3251274, "Destimoto", "+41719885066 www.destimoto.ch"
8.0578293, 47.3542903, "Moto Mader AG", "+41627378585 www.moto-mader.ch"
8.8577849, 47.2666171, "KMSRacing", "+41552407155 www.kms-racing.ch"
9.6384023, 47.3997725, "Stadler Motos AG", "+41717222515 www.staedler.ch"
8.911303199999999, 47.1758035, "Laimbacher Moto Racing AG", "+41554401616 www.laimbacher.com"
7.3130532000000006, 47.0672204, "MotoSpezial AG", "+41323853083 www.moto-spezial.ch"
7.9394474, 47.3641282, "MotoRacing Toni Gaberthuel", "+41622950033 www.moto-racing.ch"
7.5997612, 47.5149593, "Di Placido Motos GmbH", "+41617210602 www.di-placido.ch"
6.485252, 46.504468, "Adrenaline Motos Sarl", "+41218080203 www.adrenalinemotos.ch"
8.189553, 47.4143759, "Ulrich KTM Service", "+41628933122 www.ktm-ulrich.ch"
8.8176928, 47.1919963, "CONZEPTCARS", "+41+41793861922 www.conzeptcars.ch"
9.2972992, 47.4071174, "Moto Center West", "+41713100030 www.moto-center-west.ch"
7.6925854, 46.6378783, "Motos Roland Frey", "+41336761442 www.motofrey.ch"
9.0166462, 47.4540813, "MotoArt Bollhalder GmbH", "+41719254394 www.moto-art-bollhalder.ch/"
8.925675, 46.0368733, "Motomix SA", "+41916056230"
8.7499504999999989, 47.6801806, "Motoshop Zachmann GmbH", "+41526574303 www.motoshop-zachmann.ch"
7.6160391, 46.7734044, "MotoCenter Thun", "+41334395959 www.moto-center.ch"
8.2582463999999991, 47.0473772, "Odermatt Motos Luzern GmbH", "+41412590111 www.odermatt-ktm.ch"
7.6171172999999994, 46.9453301, "Jutzi Motorsport AG", "+41317012343 www.jutzimotorsport.ch"
7.5898486, 47.1644805, "XBOW Schweiz GmbH", "+41326821111"
9.5320728, 46.8608244, "Motos Gabriel", "+41813537677 www.motos-gabriel.ch"
27.8931529, 39.6517015, "Deniz Motosiklet", "+902662455538"
27.8931529, 39.6517015, "Deniz Motosiklet", "+902662455538"
28.9670117, 41.035488699999988, "Arti grup", "+902122555503"
30.525031, 39.7914148, "Kardesler Motor", "+902223220796"
28.8012062, 36.7665361, "Kaylilar Ticaret", "+902526926000"
36.190472199999988, 41.2140351, "Atmaca Motor", "+903625427641"
35.1459099, 42.0265382, "Lider Motor", "+903628261010"
27.1169156, 38.466508, "Erdin Ticaret", "+902323656265"
39.4615866, 39.7528328, "Inceler Motor", "+904462120787"
37.361114, 37.0742959, "Moto Stop Gaziantep", "+903423412230"
26.4128867, 40.1454828, "Kardesler 17 Motor", "+902862173360"
34.0488557, 37.5148531, "Akbeller Motor", "+903327132829"
28.2678232, 36.8851376, "Dakar Motors", ""
30.1721177, 40.5064652, "Yildirim Motosiklet", "+902645517030 www.yildirimmotosiklet.com"
30.703379, 36.9040676, "Harput Motor", "+902423120915"
31.9911161, 36.5571151, "Dogan Motosiklet", "+902425113756"
29.2979804, 40.851672099999988, "Ucerler Motorlu Araclar", "+902164943255"
27.1370415, 38.3226108, "Alsancak Oto", "+902322523060"
39.751394900000008, 40.9968477, "Ege Motor", "+904623230040"
29.0612468, 40.1939182, "Tek Yildiz", " www.tekyildizmotor.com"
36.167029, 36.208382, "Kenan Uslu Motorlu Araclar", "+903262153930"
31.162609, 40.83872, "Temiz Is Motor", "+903805245954"
32.028339, 36.5424982, "Umit Turizim", "+902425119277"
32.629471, 41.2028878, "Oz Kaplan Motor", "+903704127766"
29.044538, 40.9912682, "Spormoto", "+902163491640 www.spormoto.com"
29.1320452, 36.6523808, "Motorall", "+902526132848"
29.0043968, 41.0496821, "Motoist", "+902122270134"
29.0612468, 40.1939182, "Tek Yildiz", " www.tekyildizmotor.com"
29.0649025, 40.1901956, "Motosun", "+902242566636"
36.3325915, 41.296093, "Saglam Ticaret", "+903624320098"
26.903099, 40.891682, "Salmanli Konsept Magazalari", "+908504414959"
32.4535655, 37.9052761, "Abatek", "+903322382222"
29.40390489999999, 38.6818952, "Basak Ticaret", "+902762158142"
29.0212396, 41.1161972, "Moto X", "+902122769874"
28.363394, 37.215374, "Akbas Ticaret", "+902525727545"
33.935872, 36.3721755, "Ozgunler Lastik Yedek Parca", "+903382122862"
35.3287927, 36.9871995, "Camgoz Motor", "+903223513366"
32.870152, 39.870649, "Spormoto Ankara", "+903124957700 www.spormoto.com"
30.5245994, 50.4673329, "NIKO SENTRE KIEV ", ""
-2.5814956, 51.4465564, "Fowlers of Bristol", "+441179770466 www.fowlersktm.co.uk/"
-0.46604729999999989, 51.7486736, "The KTM Centre", "+441442255272 www.thektmcentre.co.uk "
-1.2125091, 52.7806374, "Redline Motorcycles", "+441509230001 www.ktm4u.co.uk/"
-4.0187399, 51.6647686, "M & P Direct Limited", "+441792224405 www.mandp.co.uk"
-2.5783925, 49.434211, "Mac's Motorcycles", "+441481239611 ktm.medialinksonline.com/macsmotorcycles/"
-1.1581086, 52.954783199999987, "Leisure Trail UK", "+441159732466 www.leisuretrail.co.uk/Home.htm"
-2.450574, 53.762123499999987, "Rocket Centre", "+441254297810 www.rocketcentre.co.uk/"
-0.115591, 51.5844585, "Motoden", "+442083414142"
0.5171576, 51.270742299999988, "Laguna Motorcycles", "+441622681765 www.laguna.co.uk/"
-4.2334778, 50.421478400000012, "JD Racing", "+441752848888 www.johndeaconracing.co.uk/"
-4.485205, 54.1514542, "Road & Track Motorcycles", "+441624623725 ktm.roadandtrackmcs.co.uk"
-3.5479492, 50.4847505, "PGH Motorcycles Ltd", "+441803616164 www.pghmotorcycles.com/"
-1.6355599, 53.6899343, "Craig's Motorcycles", "+441924488117 www.craigsmotorcycles.com/ktm-index.aspx"
-1.8755388, 52.4764934, "DMC Moto (Birmingham) Ltd", "+441217710441 www.ktmbirmingham.co.uk"
-1.1315882, 50.7987495, "Trevor Pope Motorcycles ", "+442392521111 www.trevorpopemotorcycles.co.uk/"
-5.9037988, 54.4749109, "Norman Watt Motorcycles", "+442892638766 www.normanwattmotorcycles.com/"
0.8593529, 51.1482974, "Laguna Performance Centre", "+441233665520 www.laguna.co.uk/"
-2.7419865, 54.3365018, "TripleD Motorsport", "+441539732666 www.tripledmotosport.co.uk"
-1.4617709, 53.3884908, "Sheffield Motorcycle Centre Ltd", "+441142525454 www.smcbikes.com"
-0.238234, 50.8353139, "On The Wheel", "+441273506306 www.onthewheel.co.uk"
-1.5181744, 54.1285688, "Eurotek", "+441765608209 www.eurotekktm.com/"
-1.487388, 52.431312, "Kestrel KTM", "+442476703901 www.kestrelktm.co.uk"
-3.507106, 52.301956999999987, "ET James & Sons", "+441597810396 ktm.etjames-sons.co.uk"
-3.7178511, 53.2885315, "Colwyn Bay Motorcycles", "+441492535959 www.colwynbayktm.com/ "
-1.3397763, 54.2358699, "Teasdale Motorcycles Ltd.", "+441845570610 teasdale-motorcycles.co.uk"
-1.6249843, 54.9713448, "Bikesport", "+441912328970 bikesportnewcastle.co.uk"
-2.1289298, 52.0026941, "AMS Motorcycles ", "+441684292929 www.ams4ktm.co.uk"
-1.2517737, 51.6054086, "Premier Bikes (Didcot) Ltd", "+441235519195 www.premierbikes.com/"
0.162267, 51.574407, "Hyside Motorcycles Ltd", "+441708706677 ktm.hysidemotorcycles.co.uk/"
-3.4368433, 56.3907151, "Drysdale Motorcycles", "+441738451050 www.drysdalemotorcycles.com/"
1.312571, 52.095481, "Hangar 111", "+441473811811"
-1.6424185, 54.973639800000008, "M & S Motorcycles", "+441912610121 www.mandsmotorcycles.co.uk/new_bikes_ktm.aspx"
-0.418515, 51.4390767, "Cooperized Dyno and Service Centre Ltd.", "+442088905454"
-0.0971561, 51.3823907, "In Moto Limited", "+442086892341 www.ktmcentre.co.uk"
-6.1042589, 54.5027681, "Phillip McCallen Motorcycles", "+442892622886 www.phillipmccallen.com/ktm/"
-0.1655793, 51.1376211, "P & H Motorcycles", "+441293413300 www.phmotorcycles.co.uk/"
0.2859956, 51.1548987, "Motorcare LTD", "+448448099943 www.ktmlondon.com"
-4.2817424, 55.8526709, "PORTMAN MOTORS LIMITED ", "+441414296701"
-1.851785, 50.8688339, "Crescent Motorcycles", "+441202820170 www.crescent-ktm.com"
1.297355, 52.6308859, "Dave Barkshire Motorcycles", "+441603722800 ktm.davebarkshire.com/"
-2.0911467, 49.1784212, "Bikers", "+44153401534736531 ktm.medialinksonline.com/bikersjersey"
-2.701716, 53.3374225, "ABG Motorsport", ""
-3.3272195, 51.5995545, "Wayne Mounter Motorcycles", "+441443400960 www.w-mounter.co.uk/"
-0.313056, 52.688222, "Gear 4 Motorcycles", "+441778380380 www.gear4motorcycles.co.uk/"
0.59217449999999994, 51.978977, "Jim Aim Motorcycles", "+441787460671 www.jimaimracing.co.uk/"
